{"cameraMode":{"drawMode":0,"name":"Shaded","section":"Shading Mode"},"sceneLighting":true,"audioPlay":false,"sceneViewState":{"m_AlwaysRefresh":false,"showFog":true,"showSkybox":true,"showFlares":true,"showImageEffects":true,"showParticleSystems":true,"showVisualEffectGraphs":true,"m_FxEnabled":true},"in2DMode":false,"pivot":{"x":-363.8331298828125,"y":-162.24777221679688,"z":-358.85247802734377},"rotation":{"x":0.06352879852056503,"y":-0.8941362500190735,"z":0.13421542942523957,"w":0.42272305488586428},"size":293.3911437988281,"orthographic":false}